id_belongs_to_collection,name_belongs_to_collection,id
10194.0,Toy Story Collection,862
,,8844
119050.0,Grumpy Old Men Collection,15602
96871.0,Father of the Bride Collection,31357
645.0,James Bond Collection,11862
117693.0,Balto Collection,949
3167.0,Ace Ventura Collection,11860
91698.0,Chili Palmer Collection,45325
9435.0,Babe Collection,9091
9818.0,Mortal Kombat Collection,710
136214.0,Pocahontas Collection,9087
124935.0,The Lawnmower Man Collection,12110
43563.0,Friday Collection,21032
10924.0,From Dusk Till Dawn Collection,10858
122017.0,Screamers Collection,1408
256377.0,The Muppet Collection,524
91430.0,The Neverending Story Collection,4584
14890.0,Bad Boys Collection,5
120794.0,Batman Collection,9273
439053.0,Brooklyn Cigar Store Collection,11517
8819.0,Casper Collection,8012
9649.0,Mexico Trilogy,1710
1570.0,Die Hard Collection,9691
259398.0,Teenage Apocalypse Trilogy,12665
9328.0,Free Willy Collection,451
286162.0,Power Rangers Collection,16420
328073.0,Síť (kolekce),9263
9068.0,The Prophecy Collection,17015
247294.0,Showgirls Collection,902
9887.0,Species Collection,37557
112399.0,Under Siege Collection,9909
23170.0,Burnt by the Sun Trilogy,63
123800.0,Before... Collection,78802
182813.0,Clerks Collection,9598
96665.0,Dumb and Dumber Collection,47018
410261.0,A Goofy Movie Collection,687
217704.0,The Vampire Chronicles,139405
10.0,Star Wars Collection,33689
286948.0,Nemesis Collection,9603
300546.0,Once were Warriors Collection,34615
48188.0,Poison Ivy Collection,31174
131.0,Three Colors Collection,11443
144200.0,Swan Princess Series,35196
53159.0,The Santa Clause Collection,9312
115142.0,Tales from the Crypt Collection,577
115570.0,Star Trek: The Next Generation Collection,11861
192492.0,The Jack Ryan Collection,807
9436.0,The Crow Collection,10530
351684.0,The Flintstones (Live-Action) Collection,8391
94032.0,The Lion King Collection,629
8581.0,A Nightmare on Elm Street Collection,117164
43072.0,The Mask Collection,11448
37139.0,Naked Gun Collection,49133
167985.0,Richie Rich Collection,26441
43064.0,Speed Collection,97406
170452.0,Timecop Collection,124057
261203.0,Street Fighter,9089
439409.0,Fear Collection,11010
8050.0,Highlander Collection,99040
11716.0,Addams Family Collection,11359
162028.0,Stakeout Collection,17182
85861.0,Beverly Hills Cop Collection,2054
150156.0,City Slickers Collection,10607
252313.0,The Endless Summer Collection,19760
134011.0,The Fugitive / U.S. Marshals Collection,9536
412680.0,Hard Target Collection,11525
52988.0,Hot Shots! Collection,40628
159600.0,House Party Collection,4482
328.0,Jurassic Park Collection,10634
8580.0,The Karate Kid Collection,755
5547.0,RoboCop Collection,11859
462565.0,The Secret Garden Collection,28387
105075.0,The Shadow Collection,48750
422837.0,Blade Runner Collection,20927
224478.0,The Brady Bunch Collection,36929
9888.0,Home Alone Collection,9102
86027.0,Aladdin Collection,124626
528.0,The Terminator Collection,27526
9743.0,The Hannibal Lecter Anthology,9623
153010.0,Beauty and the Beast Collection,46785
98580.0,Candyman Collection,400
43058.0,Homeward Bound Collection,880
141086.0,Heavy Metal Collection,146599
8917.0,Hellraiser Collection,188588
140910.0,All Dogs Go to Heaven Collection,8447
87359.0,Mission: Impossible Collection,10534
169452.0,DragonHeart Collection,17414
36694.0,Bloodsport Collection,13997
158391.0,The Apu Collection,2086
144146.0,Lemmy Caution Collection,61548
143766.0,The Substitute Collection,9095
52888.0,The Visitors Collection,12158
23026.0,Ghost in the Shell Collection,9283
529.0,Wallace & Gromit Collection,9208
116661.0,The Arrival Collection,40154
303969.0,"Martin Scorsese’s World Cinema Project, Vol. 1",406
424202.0,Trainspotting Collection,45549
304378.0,Independence Day Collection,63076
97456.0,The Hunchback of Notre Dame Collection,11062
86028.0,The Nutty Professor Collection,13685
115838.0,Escape From ... Collection,47475
230.0,The Godfather Collection,2045
269098.0,Police Story Collection,9614
19163.0,The Land Before Time Collection,688
91361.0,Halloween Collection,11907
4438.0,The Space Odyssey Series,10874
47814.0,The Thin Man Collection,89333
261590.0,Living Dead Collection,96357
242765.0,In the Line of Duty Collection,197
10709.0,The Mighty Ducks Collection,103
87232.0,The Apple Dumpling Gang Collection,33542
181496.0,Davy Crockett Collection,43566
90348.0,Witch Mountain Collection,71754
12087.0,Herbie Collection,43612
216395.0,Parent Trap Collection,51352
294519.0,The Shaggy Dog Collection,16934
55419.0,Cinderella Collection,10324
271668.0,Caballeros Collection,78406
100970.0,The Fox and the Hound Collection,55731
355490.0,Freeway Collection,32119
86058.0,Dirty Dancing Collection,11066
118221.0,Weekend at Bernie's Collection,11104
86336.0,Basic Instinct Collection,37975
115225.0,Children of the Corn Collection,2074
937.0,The Pink Panther (Original) Collection,27793
174218.0,The Howling Collection,44284
39460.0,The Water of the Hills Collection,290157
153948.0,Best of the Best Collection,110972
33071.0,Cheech & Chong Collection,32622
84.0,Indiana Jones Collection,73067
8091.0,Alien Collection,11863
48317.0,The Man With No Name Collection,55475
1960.0,Evil Dead Collection,124636
119674.0,Psycho Collection,9101
112636.0,The Blues Brothers Collection,123360
330605.0,The Sting Collection,5757
359005.0,The Jake Gittes Collection,39428
264.0,Back to the Future Collection,124639
55427.0,Fantasia Collection,9302
173344.0,Qatsi Collection,11000
397842.0,The Amityville Horror Collection,249882
422193.0,The Blob Collection,16388
218406.0,Frankenstein (Universal Series),9737
257053.0,Carrie Collection,30765
10919.0,The Omen Collection,10474
498.0,Heart of Gold Collection,22279
307637.0,Jingle All the Way Collection,30157
105629.0,Paradise Lost Collection,568
124916.0,101 Dalmatians (Live-Action) Collection,11780
151.0,Star Trek: The Original Series Collection,34996
9329.0,Young Guns Collection,414
86083.0,Grease Collection,649
2366.0,The Jaws Collection,1873
2602.0,Scream Collection,5894
166379.0,Turbulence Collection,1775
393564.0,McHale's Navy Collection,8839
108693.0,National Lampoon's Vacation Collection,20649
86224.0,The Saint Collection,10329
207952.0,Barrytown Trilogy,8963
105995.0,Anaconda Collection,26564
1006.0,Austin Powers Collection,8068
174407.0,Warriors of Virtue Collection,8512
331475.0,Shiloh Collection,1572
182923.0,Tetsuo Collection,13552
86055.0,Men In Black Collection,259209
43055.0,Conan the Barbarian Collection,6520
126221.0,George of the Jungle Collection,9073
97445.0,Air Bud Collection,10428
10721.0,Mimic Collection,17447
142680.0,Alex Cross Collection,9886
135489.0,Wishmaster Collection,9482
3601.0,I Know What You Did Last Summer Collection,19326
103372.0,Mr. Bean Collection,9344
10522.0,Starship Troopers Collection,9071
372479.0,Les Boys,8973
351886.0,The Postman Collection,15730
71458.0,3 Ninjas Collection,47608
33059.0,Wild Things Collection,2293
350402.0,Barney Collection,9070
221966.0,The Odd Couple Collection,68274
97771.0,Major League Collection,48787
378453.0,Henry Fool Collection,34574
87236.0,Mulan Collection,1642
19387.0,The X-Files Collection,11472
3169.0,Dr. Dolittle Collection,36196
945.0,Lethal Weapon Collection,11980
155474.0,French Connection Collection,58372
1575.0,Rocky Collection,32646
9735.0,Friday the 13th Collection,10533
123255.0,Prom Night Collection,56088
10455.0,Child's Play Collection,10802
10453.0,Poltergeist Collection,10149
12263.0,The Exorcist Collection,18402
89151.0,The Gremlins Collection,9348
1657.0,Zorro Collection,139408
372257.0,The Poseidon Adventure Collection,281
294468.0,Flubber Collection,5967
87250.0,Bambi Collection,79593
297143.0,Dexter Riley Collection,47939
72119.0,"Honey, I Shrunk the Kids Collection",36834
97459.0,The Jungle Book Collection,9090
97460.0,Lady and the Tramp Collection,3512
33085.0,The Little Mermaid Collection,52856
100693.0,101 Dalmatians (Animated) Collection,77350
55422.0,Peter Pan Collection,9560
57971.0,The Rescuers Collection,9804
248126.0,Splash Collection,31611
63043.0,TRON Collection,65796
141290.0,The Lord of the Rings Animated Collection,49805
263193.0,Charlotte's Web Collection,26258
141292.0,The Secret Of NIMH Collection,50797
8783.0,Fievel Collection,19155
102782.0,House Collection,76
87805.0,The Gods Must Be Crazy Collection,11017
143755.0,Henry: Portrait of a Serial Killer Collection,37141
264338.0,Rosemary's Baby Collection,9382
47983.0,Killer Tomatoes! Collection,6715
735.0,Blade Collection,18256
432.0,Cube Collection,22625
90863.0,Rush Hour Collection,2292
52760.0,Urban Legend,1909
479888.0,The Thing Collection,8984
348843.0,Vampires Collection,61813
100286.0,Elizabeth Collection,4954
374384.0,Stepford Collection,62488
57129.0,Rugrats Collection,10531
374509.0,Godzilla (Showa) Collection,11929
374511.0,Godzilla (Heisei) Collection,8467
135495.0,King Kong (1933 series),10451
135498.0,King Kong (1976 series),20156
104833.0,Fletch Collection,18395
9338.0,Police Academy Collection,522
5039.0,Rambo Collection,397
89264.0,Romancing the Stone Collection,10525
86307.0,Cocoon Collection,27985
340623.0,The Gate Collection,15789
123213.0,The Fly (1958 series),27303
109609.0,The Fly Collection,21183
111751.0,Texas Chainsaw Massacre Collection,10954
9332.0,Crocodile Dundee Collection,47867
387219.0,The Hustler Collection,43475
387618.0,8MM Collection,72031
10789.0,Pet Sematary Collection,14275
33938.0,Airport Collection,1024
124934.0,Alligator Collection,17207
166698.0,Westworld Collection,13701
1709.0,Planet of the Apes Original Collection,14819
110127.0,Analyze Collection,32631
52789.0,Cruel Intentions Collection,11777
2344.0,The Matrix Collection,628
1733.0,The Mummy Collection,87729
205860.0,The Black Mask Collection,18713
221544.0,The Mummy (Universal Series),6280
138965.0,The Mummy (Hammer Series),9061
8537.0,Superman Collection,37108
221539.0,Dracula (Universal Series),6071
259027.0,The Wolf Man (Universal Series),11
123720.0,Frankenstein (Hammer Series),9587
281644.0,Rocky Horror Collection,19101
87228.0,Swamp Thing Collection,49980
106768.0,Tarzan (Animation) Collection,17961
2806.0,American Pie Collection,18183
104068.0,Tales of the Four Seasons,4476
64750.0,Blair Witch Collection,11008
97768.0,Lake Placid Collection,47504
2980.0,Ghostbusters Collection,32325
237445.0,Inspector Gadget Collection,43742
185682.0,The Adventures of Antoine Doinel,28313
135502.0,Allan Quatermain Collection,11318
91663.0,Airplane Collection,3036
180854.0,Problem Child Collection,40490
201873.0,A Christmas Story Collection,24070
10713.0,Universal Soldier Collection,8986
123251.0,Iron Eagle Collection,10510
189295.0,The Spiders Serial,17402
143757.0,Stir of Echoes Collection,38722
98168.0,Fright Night Collection,8438
146136.0,Armour of God Collection,11593
47770.0,Phantasm Collection,1945
12203.0,Drunken Master Collection,39310
124492.0,The Dirty Dozen Collection,109560
59586.0,The Blue Lagoon collection,56428
380822.0,Penitenciaría - Colección,63105
122947.0,Omega Code Series,131957
381396.0,Bats Collection,241
243598.0,The Best Man Collection,9058
89188.0,Harry Palmer Collection,527
391047.0,On Any Sunday Collection,18220
248339.0,House on Haunted Hill Collection,6950
98036.0,Re-Animator Collection,101
107725.0,Creepshow Collection,63020
212279.0,Piranha Collection,2307
398740.0,Mister Roberts Collection,680
48037.0,Meatballs Collection,41478
34055.0,Pokémon Collection,25296
95051.0,The Up Series,40156
95664.0,Deuce Bigalow Collection,11450
135509.0,The Last Picture Show Collection,30304
321063.0,The Sinbad Collection,10452
99727.0,Stuart Little Collection,12106
421904.0,Batman (DC Universe Animated) Collection,161495
103573.0,Sister Act Collection,3586
8979.0,Wayne's World Collection,110
110179.0,The Cutting Edge Collection,108
338282.0,Single White Female Collection,109
87186.0,The Boondock Saints Collection,159185
327598.0,"To Sir, with Love Collection",36357
2794.0,The Chronicles of Riddick Collection,92769
103577.0,The Whole Nine/Ten Yards Collection,28033
93568.0,Cross of Iron Collection,22586
124950.0,American Graffiti Collection,14334
8864.0,Final Destination Collection,2636
14377.0,Death Wish Collection,2164
1582.0,Teenage Mutant Ninja Turtles (Original) Collection,11395
8647.0,The Skulls Collection,278
366826.0,Navarone Collection,9905
338327.0,Beach Party Collection,87078
170754.0,Arthur Collection,12527
466318.0,Bachelor Party Collection,20306
399.0,Predator Collection,36614
86105.0,American Psycho Collection,27993
159616.0,East is East Collection,31439
104847.0,Caddyshack Collection,9067
256484.0,Carnosaur Collection,9059
175858.0,Hidden Collection,193
127280.0,The Three Mothers Collection,25066
342009.0,Die Nibelungen Filmreihe,46797
246839.0,Center Stage Collection,12122
179244.0,Pee-wee's Collection,11381
96679.0,Road Trip Collection,32636
59567.0,Shanghai Noon Collection,36141
44979.0,Big Momma's House Collection,95963
123726.0,Quatermass (Hammer series),1587
107949.0,Puppet Master Collection,9271
424830.0,The Benji Collection,2064
157671.0,The Decline of Western Civilization Collection,19855
10456.0,Dirty Harry Collection,60855
109592.0,Porky's Collection,236
263866.0,Nuke 'Em High Collection,48287
32135.0,The Toxic Avenger Collection,3049
174245.0,Alien Nation Collection,2759
8945.0,Mad Max Collection,12635
121195.0,9½ Weeks Collection,10497
207447.0,Firestarter Collection,11382
495.0,Shaft Collection,9331
171439.0,F/X Collection,10731
46512.0,Missing in Action Collection,10464
173628.0,Nekromantik Collection,34152
4246.0,Scary Movie Collection,9495
748.0,X-Men Collection,29973
166376.0,Hollow Man Collection,888
123256.0,Pumpkinhead Collection,13
47391.0,Sleepaway Camp Collection,712
123249.0,"Ilsa, She Wolf of the SS Collection",16295
223564.0,The Cell Collection,48992
374512.0,Godzilla (Millennium) Collection,10879
25410.0,The Art of War Collection,10660
430186.0,Bring It On Collection,10714
8412.0,Anatomy Collection,41647
221537.0,Creature From The Black Lagoon (Universal Series),8587
259401.0,The Invisible Man (Universal Series),1689
138971.0,The Slumber Party Massacre Collection,11596
138974.0,The Sorority House Massacre Collection,854
39244.0,Digimon Collection,9359
51509.0,Meet the Parents Collection,23333
240690.0,Billy Jack Collection,36593
44913.0,Ghoulies Collection,12280
86029.0,Charlie's Angels Collection,2788
290973.0,"Crouching Tiger, Hidden Dragon Collection",10427
106498.0,Dungeons & Dragons Collection,11011
52783.0,Wall Street Collection,49803
178117.0,The Emperor's New Groove Collection,8987
93220.0,Miss Congeniality Collection,1637
115822.0,Dracula 2000 Collection,15128
312735.0,Annie Collection,8831
107469.0,Save The Last Dance Collection,36955
141282.0,The Brave Little Toaster Collection,10449
330555.0,Ernest Collection,10395
109076.0,Lost Boys Collection,12160
124951.0,Mannequin Collection,40480
109082.0,Left Behind Collection,52038
287016.0,Wong Kar-Wai's Informal Collection,29444
421084.0,Disneys Große Pause,26352
366444.0,Demetrius Filmreihe,39953
116847.0,Dr. Phibes Collection,41580
48190.0,Revenge of the Nerds Collection,315
257571.0,C.H.U.D. Collection,22067
86486.0,Spy Kids Collection,18242
8936.0,Bridget Jones Collection,11667
353325.0,Joe Dirt Collection,32502
2150.0,Shrek Collection,267188
441439.0,Alienation Trilogy,28732
110021.0,The Magnificent Seven Collection,75555
100965.0,Atlantis Collection,42981
2467.0,Tomb Raider Collection,278939
9485.0,The Fast and the Furious Collection,291731
3963.0,The Crimson Rivers Collection,226229
87014.0,Cats & Dogs Collection,203119
421566.0,Totò Collection,172923
101688.0,Cannonball Run Collection,316098
427956.0,Dr Goldfoot Collection,8011
140760.0,Final Fantasy Collection,171857
86024.0,Legally Blonde Collection,2654
10893.0,Critters Collection,18069
182617.0,Elvira Collection,19092
101471.0,Return of the Living Dead Collection,2758
89272.0,The Man From Snowy River Collection,38129
86347.0,Short Circuit Collection,10436
126220.0,The Waxwork Collection,13595
91945.0,American Ninja Collection,46094
91746.0,Bill & Ted's Most Excellent Collection,9409
98853.0,Cyborg Collection,11853
351230.0,Dream a Little Dream Collection,16771
186102.0,Eddie and the Cruisers Collection,46924
88735.0,K-9 Collection,11041
105322.0,Kickboxer Collection,306
9521.0,Look Who's Talking Collection,14522
87631.0,The Musketeers Collection,26203
224976.0,Road House Collection,178
138706.0,The Stepfather Collection,19819
87536.0,Warlock Collection,57834
104716.0,Basket Case Collection,4722
107674.0,The Princess Diaries Collection,18215
239968.0,La cage aux folles,1607
168182.0,Philo & Clyde Collection,26391
94899.0,Jeepers Creepers Collection,117553
383632.0,A Man Called Horse Collection,6075
352789.0,Zoolander Collection,11310
166378.0,Joy Ride Collection,18658
41649.0,The Party Collection,9350
178106.0,Darko Collection,9612
137696.0,"Monsters, Inc. Collection",2124
276838.0,When a Stranger Calls Collection,26261
1241.0,Harry Potter Collection,19176
449750.0,Fanny Brice Collection,49299
106000.0,Beastmaster Collection,11566
284024.0,The Exterminator Collection,9571
211753.0,Caprona Collection,9739
98513.0,Behind Enemy Lines Collection,24257
304.0,Ocean's Collection,34444
119.0,The Lord of the Rings Collection,26141
476056.0,Fritz the Cat Collection,10997
395591.0,Sex and Zen Collection,50463
93295.0,48 Hrs. Collection,10443
87214.0,The Sandlot Collection,20239
449462.0,Super Troopers Collection,16297
262011.0,Sleuth Collection,18551
124879.0,State Property Collection,25440
215326.0,The Bad New Bears Collection,9024
460292.0,The Lone Ranger (Clayton Moore) Collection,37233
122952.0,Vampire Hunter D Collection,1634
19160.0,FernGully Collection,13815
133923.0,Zombi Collection,5503
108669.0,Get Smart Collection,35588
221308.0,"Oh, God! Collection",2087
8354.0,Ice Age Collection,41579
17255.0,Resident Evil Collection,18620
456980.0,The Paleface Collection,41006
135441.0,Road to Collection,4916
87220.0,Smokey and the Bandit Collection,2019
112537.0,Sällskapsresorna,31642
43220.0,National Lampoon’s Van Wilder Collection,9255
261526.0,Slap Shot Collection,26271
389767.0,My Big Fat Greek Wedding Collection,10612
256729.0,War Trilogy,2259
406817.0,Horror High Collection,16097
107688.0,3 Men Collection,11934
116669.0,The Scorpion King Collection,106143
5202.0,Wild Orchid Collection,12475
556.0,Spider-Man Collection,9386
178654.0,White Fang Collection,7984
31562.0,The Bourne Collection,59930
86860.0,Scooby-Doo Collection,15765
97461.0,Lilo & Stitch Collection,31643
363014.0,Like Mike Collection,6
167456.0,Our Man Flint Collection,329
113635.0,The Modesty Blaise Collection,10909
52785.0,xXx Collection,507
356437.0,Living Trilogy,34024
115839.0,Blue Crush Collection,29918
117777.0,Undisputed Collection,9593
363966.0,Care Bears Collection,42580
135501.0,976-EVIL Collection,22317
176097.0,Barbershop Collection,1413
9518.0,The Transporter Collection,12121
267922.0,The Hills Have Eyes (Original) Collection,2246
277739.0,"Heaven, Hell and Purgatory Collection",10502
123724.0,Dracula (Hammer Series),10440
386818.0,Django - Original films,9516
14563.0,The Ring Collection,2320
288280.0,Saturday Night Fever Collection,5879
457305.0,Man of Marble/Iron Collection,83718
373538.0,Enter the Ninja Collection,11971
97237.0,Faces of Death Collection,2625
169329.0,Göta kanal collection,31911
295862.0,The BRD Collection,788
264437.0,My Bloody Valentine Collection,21450
17178.0,Jackass Collection,11231
43063.0,Half Past Dead Collection,41588
148517.0,"Pagnol, Childhood's Memories",10447
88574.0,Scanners Collection,31586
218293.0,Brother Collection,9300
12075.0,Elling Collection,9559
296429.0,I Spit on Your Grave (Original) Collection,9800
374386.0,Anglo-Zulu War Collection,713
140126.0,Vabank (Collection),8291
63170.0,Jönsson Gang,18133
164397.0,Class of 1999 Collection,25557
423877.0,Turkish Star Wars,22588
85960.0,My Girl Collection,10872
104842.0,Blue Collar Comedy Tour Collection,1245
227147.0,Tokyo Decadence series,11858
10517.0,Le Gendarme de St. Tropez Collection,7007
315750.0,They Call Me Bruce Collection,10467
137766.0,Zapped Collection,5550
195441.0,Dennis the Menace Collection,8005
405393.0,The Black Stallion Collection,2088
375886.0,Willard,10412
354210.0,Born Free Trilogy,47889
93369.0,Ringu Collection,14534
261057.0,I Am Curious Collection,56583
100992.0,The Flicka Collection,41878
8385.0,Aki Kaurismäki's Finland trilogy,424
105625.0,House of 1000 Corpses Collection,35233
228887.0,Daddy Day Camp Collection,14291
92222.0,Breakin' Collection,103413
431417.0,Nevada Smith Collection,11236
239766.0,The Klapisch Trilogy,11592
124949.0,Almighty Collection,8850
137697.0,Finding Nemo Collection,10445
52985.0,Wrong Turn Collection,695
1565.0,28 Days/Weeks Later Collection,43535
295.0,Pirates of the Caribbean Collection,12519
86117.0,Johnny English Collection,23210
194752.0,Trilogie,858
289531.0,Gator Collection,867
221111.0,S.W.A.T. Collection,78
91427.0,Agent Cody Banks Collection,13203
91799.0,Tremors Collection,10442
7505.0,Elements Trilogy,11074
330892.0,Sides of the Bed,33367
201576.0,The Cabin Fever Collection,9607
10457.0,Once Upon a Time in China Collection,17585
2326.0,Underworld Collection,9057
409138.0,Yossi Collection,20967
201778.0,Dorm Daze Collection,10635
187736.0,Leningrad Cowboys Collection,9479
168880.0,Beethoven Collection,10057
11794.0,Ginger Snaps Collection,11969
117927.0,House of the Dead Collection,41590
2883.0,Kill Bill Collection,319
425175.0,Texas Chainsaw (Reboot) Collection,26408
96472.0,Brother Bear Collection,15139
264335.0,The Eye Collection,161158
478628.0,Sherlock Holmes (1939 series),218473
423173.0,Bad Santa Collection,85247
45154.0,Darkman Collection,11446
208765.0,Europa Trilogy,51980
151263.0,WarGames Collection,24405
397444.0,Kindergarten Cop Collection,11655
16302.0,Battle Royale Collection,11800
43066.0,Teen Wolf Collection,8223
19285.0,Leprechaun Collection (Original Series),14587
144689.0,Honey Collection,31504
114783.0,Cheaper by the Dozen Collection,41653
245129.0,Pumping Iron Collection,53185
157890.0,The Matt Helm Collection,95743
52749.0,The Butterfly Effect Collection,23637
353721.0,You Got Served Collection,17600
158373.0,The Lost Skeleton Collection,10897
201930.0,Blacula Collection,349394
1952.0,USA: Land of Opportunities Collection,21352
17235.0,Hellboy Collection,68806
86334.0,The Prince & Me Collection,37345
299748.0,Walking Tall Collection,32562
99606.0,Mean Girls Collection,47507
109608.0,Van Helsing Collection,25403
205977.0,The Kingdom,124304
404111.0,100 Girls Collection,9066
10441.0,Babylon 5 Collection,771
126166.0,The Delta Force Collection,251
272673.0,Cat People Collection,812
159340.0,Bang Rajan Collection,280
14246.0,Sniper Collection,581
478442.0,Lammbock Collection,80350
122945.0,The Legend Collection,268
123740.0,Vampire Karnstein (Hammer series),274
308153.0,The Cheerleaders - Collection,408
48829.0,The Streetfighter Collection,10020
145494.0,The Gidget Collection,10895
286935.0,Silence of God Trilogy by Ingmar Bergman,114
185667.0,The Complete Monterey Pop Festival,41043
58588.0,Infernal Affairs Collection,576
349889.0,Robot Jox Collection,15477
434533.0,Death Race Original Collection,59146
434270.0,Lew Harper Collection,124472
95891.0,In China They Eat Dogs Collection,30528
289288.0,Per Fly trilogien (Samling),7300
192532.0,Dead or Alive Collection,10824
11140.0,Dr. Mabuse Collection,261246
145901.0,Lupin the Third Collection,275
448468.0,Grey Gardens Collection,25059
86115.0,Garfield Collection,11827
475802.0,Super Size Me Collection,8766
85473.0,The Human Condition,23570
476054.0,The Hitcher (1986) Collection,47333
145784.0,The Philadelphia Experiment - Collezione,54850
211721.0,Taxi Collection,51242
280539.0,Lassie (Kinofilme),10112
93791.0,Anchorman Collection,4307
437451.0,Cinderella Story Collection,46029
138163.0,Trylogia Sienkiewicza,32308
306882.0,Thunderbirds (Animation) Collection,88893
171586.0,PTU Collection,52873
30663.0,Harold & Kumar Collection,123505
115762.0,AVP Collection,340210
146534.0,Without a Paddle Collection,44281
374418.0,The Mangler Collection,28121
136218.0,Night of the Demons Collection,12520
168186.0,Witchboard Collection,1592
256297.0,It's Alive Collection,166901
1974.0,The Grudge Collection,36447
656.0,Saw Collection,19042
468222.0,The Incredibles Collection,38884
52984.0,National Treasure Collection,47449
275402.0,SpongeBob Collection,36259
208602.0,That's Entertainment Collection,41852
48802.0,I Love a Mystery movie series,40926
438087.0,Topper Collection,9099
158365.0,Why We Fight,2021
426985.0,Ivan The Terrible Collection,61752
84923.0,The Orphic Trilogy,10988
135508.0,Allan Quatermain (1950 series),11479
12077.0,St. Trinian's Collection,398959
102452.0,Samurai Collection,287305
94039.0,Asterix and Obelix (Animation) Collection,339428
161766.0,Gamera Films,12652
212525.0,Trinità  Collection,10684
308465.0,The Emigrants Collection,954
105764.0,The Tall Blond Man Collection,68445
102128.0,Lone Wolf and Cub Collection,18989
409026.0,Nobody Collection,10801
157504.0,Walking Tall Original Collection,54285
39438.0,Emmanuelle Collection,8840
391040.0,Gone in 60 Seconds Trilogy,278978
211860.0,Mountain Family Robinson Collection,124625
405256.0,Dolemite Collection,11107
107473.0,Ирония судьбы (Коллекция),16417
334563.0,The Sister Street Fighter Collection,70934
294834.0,Vixens Collection,10363
188458.0,Trilogy of Terror Collection,161070
255702.0,The Rutles Collection,10539
52835.0,French Fried Vacation,10543
14095.0,Barefoot Gen Collection,18414
133830.0,Star Wars: The Ewok Adventures Collection,47502
256296.0,"Silent Night, Deadly Night Collection",11902
94035.0,Anne of Green Gables Collection,27098
284111.0,Barbarian Queen Collection,25087
430201.0,Demons Collection,5801
155421.0,Mr. Vampire Collection,896
74083.0,Flodder Collection,3065
99635.0,A Better Tomorrow Collection,318177
160468.0,The Frogtown Collection,2300
324149.0,Koker Trilogy,8069
9046.0,A Chinese Ghost Story Collection,288173
98435.0,Patlabor Collection,187851
476066.0,Begotten Collection,27768
361140.0,House of Angels Collection,221917
151861.0,Lonesome Dove Collection,8072
192167.0,The Bride with White Hair Collection,35797
86341.0,Fortress Collection,88030
278467.0,Trilogía de la violencia de Michael Haneke,185191
309259.0,Naked Collection,83857
473943.0,Gonin collection,33245
190435.0,Street Fighter Collection,124460
203178.0,Jack Frost Collection,27281
137913.0,The Hunters Collection,105045
203910.0,Pusher Collection,40001
362047.0,Bikini Summer Collection,29621
142717.0,The Cremaster Cycle,117730
108043.0,Hamilton Collection,20762
2248.0,Torrente Collection,37144
344936.0,Unna Trilogie,48260
149191.0,Lady Snowblood Collection,12656
404770.0,Superman (DC Universe Animated) Collection,38867
96850.0,Evangelion Collection,277270
338416.0,Kirikou,25969
107462.0,Osobennosti Natsionalnoy ... - Collection,44103
268014.0,The Big Bottom Box,753
164394.0,If These Walls Could Talk Collection,43634
206072.0,Running Out Of Time Collection,9103
426370.0,The Wog Boy Collection,90214
103190.0,The Female Prisoner Series,29649
379475.0,Batman Beyond Collection,10990
2396.0,Asterix and Obelix Collection,8866
473850.0,My Sassy Girl Collection,12233
118657.0,Annika Bengtzon Collection,23449
101676.0,My Wife is a Gangster Collection,36355
386495.0,Fubar Collection,37667
4563.0,The Vengeance Collection,90148
308645.0,The Foreigner Collection,922
24726.0,Johan Falk Collection,11876
279836.0,Herr Lehmann Filmreihe,52633
1972.0,Ju-on Collection,62364
377545.0,Samurai Trilogy,11687
192541.0,The Twins Effect Collection,9304
371950.0,Dark Woods Collection,73183
126580.0,One Missed Call Collection,131232
53154.0,Inuyasha Collection,9100
94589.0,Ong Bak Collection,20759
306063.0,Saints and Soldiers Collection,46063
86113.0,Open Water Collection,365371
475520.0,The Yes Men Collection,32513
107461.0,Bummer Collection,40651
101246.0,Azumi Collection,36915
476065.0,What the Bleep! Collection,40507
102777.0,White Noise Collection,9802
191023.0,The Yakuza Papers Collection,25697
251858.0,Brancaleone Collection,21588
87800.0,Appleseed Collection,664
11875.0,Pippi Longstocking,11867
413937.0,Father Flanagan Collection,47119
275873.0,Dr. Who Collection,314352
176118.0,The Are We Collection,9323
149704.0,Alone in the Dark Collection,10280
96937.0,The Boogeyman Collection,10535
437628.0,Constantine Collection,124613
3106.0,World of Watches Collection,532
384920.0,"No Retreat, No Surrender Collection",26744
169851.0,The ChubbChubbs Collection,16299
108170.0,The Blind Dead Collection,10547
101646.0,Vares Collection,245268
385721.0,Zu Warriors Collection,935
135179.0,Sin City Collection,55613
167691.0,Trilogy of Life,215107
97919.0,The Love Comes Softly Collection,41007
96887.0,Zatôichi: The Blind Swordsman,35645
441443.0,Ukraine Trilogy,110465
14740.0,Madagascar Collection,255546
17368.0,The Sisterhood of the Traveling Pants Collection,40751
263.0,The Dark Knight Collection,275096
150954.0,My Friends Collection,85778
9744.0,Fantastic Four Collection,11101
131780.0,Whispering Corridors Collection,9826
332357.0,The Dukes Of Hazzard Collection,9879
220448.0,Mr. Wong Collection,63564
93731.0,Waiting Collection,22621
152544.0,Green Street Hooligans Collection,7095
174386.0,Into the Blue Collection,26890
110177.0,Goal! Collection,46732
206921.0,Star Wreck Collection,124633
298820.0,American Pie (Spin-off) Collection,202425
65249.0,Tarzan (Johnny Weissmuller series),196940
285564.0,Jarhead Collection,77771
268098.0,Wolf Creek Collection,181083
87258.0,The Descent Collection,41225
321061.0,The Wild Geese Collection,188589
420.0,The Chronicles of Narnia Collection,87190
378268.0,Havoc Collection,627
117952.0,The Dentist Collection,32872
107471.0,Yamakasi - Collection,602
85946.0,District 13 Collection,14553
97307.0,BloodRayne Collection,9566
86578.0,Hostel Collection,10545
87255.0,Hoodwinked! Collection,9894
189159.0,Project A Collection,11543
148324.0,Uuno Turhapuro,9268
35792.0,Nanny McPhee Collection,52059
157626.0,The Comedians Of Comedy Collection,9327
130440.0,The Pink Panther (Steve Martin) Collection,123763
123218.0,Troll Collection,81949
55428.0,Curious George Collection,42005
124188.0,Pulse Collection,124306
159613.0,Election Collection,183955
286904.0,Ultimate Avengers Collection,44535
8918.0,The Hills Have Eyes (Reboot) Collection,44495
64748.0,Silent Hill Collection,78285
251970.0,The Protector Collection,11228
158038.0,Die Nibelungen Collection,10779
115776.0,Robert Langdon Collection,26748
87118.0,Cars Collection,38223
296872.0,See No Evil Collection,9294
87253.0,High School Musical Collection,49963
351721.0,The Sheriff and the Satellite Kid Collection,11363
246091.0,Krrish Collection,1645
85943.0,Night at the Museum Collection,31546
64751.0,Crank Collection,77056
86092.0,Step Up Collection,36344
417491.0,Bon Cop Bad Cop Collection,18550
156240.0,The Heroic Trio Collection,11511
44917.0,Swordsman Collection,172198
66761.0,Open Season Collection,34170
166373.0,The Marine Collection,281085
98430.0,Feast Collection,109478
261382.0,Clint Eastwood's Iwo Jima Collection,124645
266846.0,Corto Maltese,12606
92012.0,Happy Feet Collection,69895
91588.0,OSS 117 Collection,35206
297371.0,Reeker Collection,151489
123717.0,She Collection,4837
102008.0,Another Gay Movie Collection,12632
123438.0,Loose Change Collection,9098
141084.0,Happily N'Ever After Collection,282919
160727.0,Stomp the Yard Collection,124614
85817.0,Arthur and the Invisibles Collection,18975
11582.0,Don Camillo Collection,11962
96680.0,Smokin' Aces Collection,2925
164395.0,The Messengers Collection,28628
376970.0,Cocaine Cowboys,3595
436982.0,SPL Collection,9308
101385.0,Trailer Park Boys Collection,92381
90306.0,Ghost Rider Collection,18555
159603.0,Kidulthood Collection,12123
108125.0,The 36th Chamber of Shaolin Collection,10830
187089.0,Emil i Lönneberga,3573
285130.0,2001 Maniacs Collection,10546
269190.0,The Ultimate Collection,18862
125570.0,300 Collection,31417
86112.0,Vacancy Collection,9431
375228.0,The Condemned Collection,124619
254636.0,Maniac Cop Collection,297645
376863.0,This is England Collection,48144
85890.0,The Librarian Collection,46986
325798.0,Star Crash Collection,144982
436295.0,Surf's Up Collection,47907
339577.0,Grindhouse Collection,10061
8650.0,Transformers Collection,36266
86797.0,Arn collection,549
369380.0,If I Were You Collection,10478
2704.0,The Bible Collection,66634
442352.0,Brice Collection,116690
126209.0,Halloween (Rob Zombie Series) Collection,213917
138908.0,2 Days In... Collection,145925
353754.0,Trilogía Sollima,100914
45355.0,Kevin Smith: Silent Bob Speaks!,238
91660.0,30 Days of Night Collection,159
143588.0,Why Did I Get Married Collection,11134
119581.0,Elite Squad Collection,88224
140758.0,Decoys Collection,132641
464270.0,The Man from Earth Collection,42758
390096.0,Hitman Collection,9303
167613.0,Alvin and the Chipmunks Collection,23945
13800.0,Futurama Collection,37820
113679.0,Design Trilogy,22479
472781.0,Inoshika Ocho series,9054
264339.0,The Hamiltons Collection,241058
215456.0,Keinohrhasen Filmreihe,11985
91697.0,Battlestar Galactica (Reboot) Collection,10232
74508.0,[REC] Collection,59569
122922.0,In the Name of the King Collection,410921
124901.0,Hatchet Collection,38955
286177.0,Footsoldier Collection,110513
96682.0,Zeitgeist Collection,114089
238419.0,Anders Matthesen,11015
96676.0,Never Back Down Collection,9306
385720.0,Zebraman Collection,12559
232844.0,Nim's Island Collection,58770
124881.0,Street Kings Collection,124851
108804.0,Outpost Collection,3587
131292.0,Iron Man Collection,10723
135483.0,Taken Collection,56077
44215.0,Stargate SG-1 Collection,19004
50457.0,Sex and the City Collection,101230
77816.0,Kung Fu Panda Collection,253632
314917.0,Flesh Gordon Collection,10987
462400.0,Wanted - Collection,44705
369005.0,Ten Minutes Older... (Collection),20318
25542.0,An American Girl Collection,43596
363015.0,Frosty the Snowman Collection,79782
458558.0,Mamma Mia! Collection,26933
76291.0,Simon Brenner Collection,27854
72547.0,Journey Collection,981
102019.0,Death Note Collection,872
118828.0,Space Chimps Collection,2769
108502.0,The Discworld Collection,13320
96677.0,Red Cliff Collection,164
86116.0,Death Race Collection,426
105324.0,Mirrors Collection,567
3292.0,Tulse Luper,3078
266731.0,Cat Stevens y Hutch Bessy Trilogy,13528
321065.0,The Sabata Collection,28288
141615.0,Niko - Coleccion,213
123932.0,Quarantine Collection,284
476063.0,Guinea Pig Collection,239
192174.0,Crows Collection,4808
148055.0,Camp Rock Collection,289
87256.0,Beverly Hills Chihuahua Collection,963
158376.0,Hanzo the Razor Collection,11113
124930.0,King of the Zombies Collection,6620
33514.0,The Twilight Collection,804
280562.0,The Guyver Collection,26531
86774.0,Che Collection,909
201061.0,War of the Worlds Collection,630
230532.0,Marley & Me Collection,770
59235.0,Jesse Stone Collection,31044
70068.0,Ip Man Collection,599
251383.0,The Gamers Collection,15
85945.0,The Mesrine Collection,62
195646.0,Galaxy Express 999 Collection,121357
328372.0,Mall Cop Collection,705
96661.0,Afro Samurai Collection,22490
47627.0,Trancers Collection,223
156152.0,La Trilogie Marseillaise,25670
169740.0,The Haunting in Connecticut Collection,303
477050.0,Takashi Miike's Young Thugs series,4174
24761.0,The Millennium Collection,8356
110041.0,Naked Fear Collection,381
286006.0,Rest Stop Collection,20758
183256.0,Kiler Collection,29376
457550.0,Sugata Sanshirō Collection,1859
265782.0,The Desert Collection,18299
453993.0,The Wolverine Collection,17281
115575.0,Star Trek: Alternate Reality Collection,64382
413661.0,Charlie Chan (Sidney Toler) Collection,10907
10964.0,Flatfoot Collection,32093
240156.0,Sami Swoi Collection,1939
140612.0,Fullmetal Alchemist Collection,22292
86119.0,The Hangover Collection,3598
165743.0,Ranma Collection,3080
261240.0,U Pana Boga Collection,198
286038.0,Dead Snow Collection,13562
373918.0,Garfield (Animation) Collection,1712
75014.0,How I Unleashed World War II,220
26863.0,Caprinos Eventyrlige Verden,3529
350836.0,Dark Planet Collection,3085
165369.0,The Collector Collection,2897
135468.0,G.I. Joe (Live-Action) Collection,1585
221622.0,12 Rounds Collection,3083
353708.0,Kill Buljo Collection,900
210303.0,Rebuild of Evangelion,43795
190135.0,Love Hina Collection,85638
404148.0,Olympia,50001
109044.0,Shadow Warriors,43905
37261.0,The Carry On Collection,22688
141448.0,Fuga de cerebros - Collection,23114
158643.0,Laid to Rest Collection,26378
177467.0,Cloudy with a Chance of Meatballs Collection,40206
41437.0,Paranormal Activity Collection,22356
378025.0,Die Fritz Lang Indien-Edition,260
368982.0,MVP,43488
282246.0,Mickey's Upon a Christmas Collection,22613
175722.0,The Gorky Collection,10331
87096.0,Avatar Collection,488
102322.0,Sherlock Holmes Collection,22733
209739.0,MacGyver (TV Movies) Collection,261
244242.0,Ninja Collection,57575
264481.0,Mega Shark Collection,32574
242587.0,Rudolph the Red-Nosed Reindeer Collection,22657
38451.0,Charlie Chan (Warner Oland) Collection,76464
454520.0,Captain Harlock Collection,22649
475511.0,Steal This Film Collection,176841
179919.0,Percy Jackson Collection,125587
222634.0,Tooth Fairy Collection,39448
261307.0,Alice in Wonderland Collection,52855
86668.0,Elektra Luxx Collection,39940
379920.0,Deadly Prey Collection,172868
380006.0,Mondo Cane Collection,85328
46082.0,Ma and Pa Kettle Collection,124632
313576.0,Hot Tub Time Machine Collection,11076
89137.0,How to Train Your Dragon Collection,63945
458017.0,Tom and Jerry Collection,58985
86780.0,Clash of the Titans Collection,890
179892.0,Kick-Ass Collection,10861
97156.0,Varg Veum Collection,1770
86110.0,Diary of a Wimpy Kid Collection,44465
314042.0,Onomichi Trilogy,2033
168618.0,The Moment After Collection,18203
142182.0,Bananas!* Collection,9333
211075.0,Panda! Go Panda! Collección,47260
96671.0,The Human Centipede Collection,9400
119234.0,Stray Cat Rock Collection,9401
12141.0,3 Men (Original) Collection,12241
435347.0,男はつらいよ シリーズ,25739
264434.0,Demonic Toys Collection,161806
429234.0,Trilogia Zé do Caixão,11306
463068.0,Täällä Pohjantähden alla (Timo Koivusalo),9625
283417.0,Rampage Collection,10680
33878.0,Destricted,6346
86066.0,Despicable Me Collection,18660
180546.0,Grown Ups Collection,35115
303872.0,Little Nicholas Collection,14821
126125.0,The Expendables Collection,14136
104830.0,Piranha 3D Collection,10869
294172.0,Tekken Collection,22660
257899.0,The President's Man Collection,19186
425164.0,Dragon Ball Z (Movie) Collection,31102
177675.0,The Last Exorcism Collection,6878
225543.0,Gasland Collection,15944
210006.0,Machete Collection,18444
360342.0,Tarzan (Lex Barker series),20723
278920.0,Vampires Suck Collection,173
220872.0,Men in the City Collection,864
290933.0,Superman / Batman (Animated) Collection,24795
89959.0,Mr. Moto Collection,11224
306926.0,Monsters Collection,81310
295777.0,Korengal Valley Documentaries,15947
163902.0,RED Collection,9078
11118.0,The Olsen Gang Collection,29682
166844.0,Sammy's Adventure Collection,8367
324371.0,The Riffs Trilogy,433
167716.0,The Bill Douglas Trilogy,11360
463959.0,Tangled Collection,11114
129293.0,The Dick Proenneke Collection,12335
395556.0,The August Underground Collection,12092
412736.0,Rare Exports Collection,10948
201548.0,The One-Armed Swordsman Collection,11229
461937.0,"Sarah, Plain and Tall Collection",15121
322330.0,Garfield Holiday Celebrations,562
441682.0,Klovn,10163
395466.0,Tere Bin Laden Collection,48862
188202.0,"Pane, amore e… - Collezione",117036
385528.0,Outrage Collection,47199
53043.0,The Magick Lantern Cycle,11159
309300.0,The Trip Collection,9591
219691.0,I Spit on Your Grave Collection,30500
461755.0,Napapiirin sankarit,41843
280504.0,Mechanic Collection,55058
228446.0,Insidious Collection,10938
56005.0,Dead Space Collection,11412
473983.0,Hababam Sınıfı Collection,10586
124426.0,New Kids Collection,42314
154002.0,Easy Money Collection,27845
432151.0,Daffy Duck Movie Collection,108365
229932.0,Rio Collection,23223
131296.0,Thor Collection,49471
166381.0,Atlas Shrugged Collection,38153
150967.0,Benvenuti al... Collection,25147
146532.0,The Storm Riders Collection,9716
264914.0,Eye of the Dolphin Collection,43777
171732.0,Mothra Collection,454
148320.0,Vääpeli Körmy - Collection,10218
281097.0,Philo Vance Collection,819
148315.0,Pekko aikamiespoika Collection,38191
120927.0,McDull Collection,56830
280588.0,Horrible Bosses Collection,11238
142021.0,Dhamaal Collection,27256
118474.0,Truth in 24 Collection,31530
131295.0,Captain America Collection,66473
134897.0,The Smurfs (Theatrical) Collection,28120
241729.0,Alpha and Omega Collection,1834
433061.0,Fred Collection,26282
173710.0,Planet of the Apes (Reboot) Collection,37218
99321.0,Gantz Collection,252
230161.0,Fright Night (Reboot) Collection,116356
86553.0,Cold Prey Collection,16372
473843.0,Stake Land Collection,11561
225961.0,Birdemic Collection,11302
260601.0,The Worricker Collection,623
279959.0,The Inbetweeners Collection,583
386549.0,"Fat, Sick & Nearly Dead",12614
419784.0,Masti Collection,21711
259085.0,Ironclad Collection,11575
86311.0,The Avengers Collection,475
177062.0,Blondie Collection,11331
168545.0,Sometimes They Come Back Collection,521
165131.0,Dreileben,21202
286951.0,Singham Collection,88
114915.0,Xtro Collection,500
129748.0,The Gruffalo Collection,792
394204.0,The Snowman Collection,8491
370374.0,Sharktopus Collection,402
131635.0,The Hunger Games Collection,10537
458697.0,Macon County Collection,11386
104202.0,Mr. Bones Collection,9504
91657.0,Disney Buddies Collection,15764
294187.0,Born To Race Collection,601
288491.0,Dolphin Tale Collection,67365
288235.0,Cat Run Collection,25842
317299.0,Puss 'n Boots Collection,2119
107465.0,Six Degrees of Celebration Collection,744
135466.0,Grave Encounters Collection,136311
222639.0,Detective Dee Collection,221
315560.0,The Woman in Black Collection,702
215452.0,Kokowääh Filmreihe,25750
294226.0,The Dead Collection,17642
476961.0,Goon Collection,427043
212562.0,Jump Street Collection,146341
393126.0,Letters to Santa Collection,9305
96666.0,Eden of the East Collection,37616
114431.0,The Incredible Hulk (TV Movie) Collection,11112
312977.0,Iron Sky Collection,21612
257960.0,The Raid Collection,141210
413946.0,Gamma One Collection,102461
84785.0,La trilogie de la mort – Nacho Cerda,36998
142015.0,Housefull Collection,200383
306937.0,Best Exotic Marigold Hotel Collection,116844
86414.0,Boston Blackie Series,1630
253537.0,Spud Collection,26626
239430.0,Think Like a Man Collection,124837
141649.0,Three Steps Above Heaven Collection,11816
174995.0,Boys Love Collection,11843
70764.0,Largo Winch Collection,10379
393379.0,The Huntsman Collection,2756
135416.0,Prometheus Collection,790
292068.0,The Pact Collection,1103
466004.0,A Few Best Men Collection,11298
386410.0,Dragon Ball Collection,4480
266672.0,Ted Collection,4481
328247.0,Magic Mike Collection,49688
125574.0,The Amazing Spider-Man Collection,10765
198697.0,Immaturi Collection,762
425189.0,Dragon Ball Z OVA Collection,44497
103291.0,Subspecies Collection,85588
187734.0,La Classe Américaine & Cie,278621
224011.0,Dick Tracy 1940s Collection,99479
297299.0,Bullit & Riper Collection,55049
306031.0,Pitch Perfect Collection,124829
123640.0,Les Mystères de l'ouest (Collection),79306
48655.0,Deathstalker Collection,356054
259363.0,Manuale d'amore - Collezione,10548
207621.0,V/H/S Collection,531
23497.0,Bleach (Collection),104931
467577.0,Evil Bong Collection,4483
357173.0,Sinister Collection,18919
185103.0,Hotel Transylvania Collection,31556
165778.0,We Are From The Future Collection,26167
48194.0,Ator Collection,26174
385717.0,Thermae Romae Collection,61461
244500.0,Gangs of Wasseypur Collection,117500
161373.0,Tai Chi Collection,218713
324475.0,Mann Filmreihe,217802
404825.0,Wreck-It Ralph Collection,127973
334356.0,The Man with the Iron Fists Collection,659
248534.0,Batman: The Dark Knight Returns Collection,30892
205459.0,Fearless Hyena Collection,86369
261286.0,Bad Ass Collection,8074
239595.0,Nativity Collection,124676
93287.0,Seventh Company Collection,38554
300431.0,Lucky Stars Collection,49763
184977.0,Shaolin Temple Collection,41326
121938.0,The Hobbit Collection,36555
283733.0,The Three Brothers Collection,10608
260586.0,Le Cœur des Hommes,11216
327871.0,Count Yorga Collection,7452
403374.0,Jack Reacher Collection,64567
119237.0,Legends of the Poisonous Seductress,892
391739.0,Cirque du Soleil Collection,1600
206559.0,StreetDance Collection,26561
247028.0,Rurouni Kenshin Live-Action Collection,975
133891.0,Confessions Collection,18129
19262.0,Trapped in the Closet,54405
256433.0,Dabangg Collection,150823
251937.0,A Haunted House Collection,409
415931.0,The Bowery Boys,38251
456733.0,The 1997 Trilogy,10161
91813.0,Angelique Collection,1412
133352.0,Resident Evil: Biohazard,41768
207632.0,The ABCs of Death Collection,10409
445332.0,Takashi Miike's Black Society Trilogy,14285
135014.0,Åsa-Nisse Collection,2469
456576.0,Journey to the West Collection,10174
188534.0,Fantômas Serial,31225
464577.0,The Croods Collection,510
205145.0,Gor Collection,11455
386534.0,... Has Fallen Collection,1891
44724.0,Don Collection,2493
286936.0,Cyborg 009 Collection,85
256287.0,Justice League (Animated) Collection,68
385639.0,The Sentimental Swordsman Collection,679
385712.0,The South Shaolin Master Collection,429
456.0,Sissi Collection,13446
197476.0,Captain America 1979 Classic Collection,389
476071.0,The Devil's Carnival Collection,947
382685.0,Now You See Me Collection,185
65906.0,Mods Collection,595
209131.0,Man of Steel Collection,28
256322.0,The Purge Collection,335
363369.0,Pacific Rim Collection,1892
386162.0,LEGO DC Comics Super Heroes Collection,144
416468.0,World War Z Collection,1092
362878.0,Yamla Pagla Deewana,769
286023.0,Sharknado Collection,348
313086.0,The Conjuring Collection,766
47400.0,Nick Carter Collection,175
343297.0,My Little Pony: Equestria Girls Collection,11645
297923.0,We're the Millers Collection,10835
270252.0,Planes Collection,539
480071.0,"Maria, ihm schmeckt's nicht!",525
416305.0,Killjoy,240
243811.0,Paradise Trilogy,600
398758.0,Action Pack Bandit Films Collection,530
161314.0,The Angel Collection,10705
90031.0,Inner Sanctum mysteries,279
259256.0,Race Collection,3109
23456.0,One Piece Collection,311
279445.0,China O'Brien Collection,1578
386382.0,Frozen Collection,703
160677.0,"Ninja, Band of Assassins Collection",9549
418219.0,Carmina - Colección,1398
354164.0,Lamù Collection,387
23453.0,Tengen Toppa Gurren Lagann Collection,9277
340633.0,Eberhofer Krimi Collection,343
344555.0,"F*ck You, Goethe Collection",37291
393744.0,Горько! (Коллекция),490
44976.0,Dhoom Series,11235
478545.0,American Addict Collection,218
283775.0,Zanna Bianca Collection,763
113589.0,The Hire,9665
376650.0,Ride Along Collection,18971
283579.0,Divergent Collection,696
293981.0,Flowers in the Attic Collection,379
408196.0,Teen Beach Collection,207
325470.0,The Lego Movie Collection,37247
258664.0,Nymphomaniac Collection,1480
252338.0,The Four Collection,9322
397341.0,Don't Go Breaking My Heart Collection,826
59007.0,Bionicle Collection,422
358930.0,Contracted Collection,829
319850.0,Department Q series,828
403001.0,Meu Passado me Condena,3090
455278.0,My Mom is a Character Collection,9964
388180.0,Ocho apellidos - Colección,3063
393326.0,Torchy Blane,13667
121067.0,Bloodfist Collection,694
464308.0,The Nut Job Collection,235
455123.0,Belle et Sébastien,832
160792.0,Prudence et Bélisaire Beresford Collection,765
334996.0,Son of Batman Collection,5925
409343.0,God's Not Dead Collection,11778
458095.0,Super Giant Collection,4485
237444.0,A Golden Christmas Collection,137
400700.0,Neighbors Collection,33
246207.0,Gunbuster Collection,982
284433.0,Guardians of the Galaxy Collection,8428
239011.0,Detective Collection,212
417481.0,Father and Guns Collection,105
401562.0,Teenage Mutant Ninja Turtles (Remake) Collection,1633
347469.0,Antboy Collection,11202
402457.0,The Durango Kid,1554
109079.0,Saint Seiya Collection,149
295130.0,The Maze Runner Collection,8009
112860.0,Kati Collection,903
402074.0,Annabelle Collection,11673
312744.0,Madicken,3034
404609.0,John Wick Collection,339
446782.0,The Disappearance Of Eleanor Rigby,10404
206449.0,Jungledyret Hugo Collection,914
426103.0,Ouija Collection,756
473185.0,Dead in Tombstone Collection,288
404136.0,Hopalong Cassidy films,910
315595.0,Tinker Bell Collection,2640
255478.0,Cowgirls n' Angels Collection,16633
382238.0,Cyborg Cop Trilogy,665
33381.0,The Whistler collection,11031
313234.0,Warriors of the Rainbow: The Seediq Bale Saga,11314
331841.0,Babysitting,15143
98462.0,Fu Manchu Collection,89
9500.0,Werner Collection,10322
351228.0,Ski School Collection,783
132877.0,Painted Skin Collection,10644
282971.0,Aashiqui Collection,11257
147220.0,Valami Amerika gyűjtemény,14370
17149.0,20th Century Boys Collection,12104
417064.0,If You Are the One (Collection),625
392206.0,The Monkey King Collection,8816
389544.0,Les Tuche,830
192486.0,The Doctor Series,2323
452675.0,Cleopatra Jones,983
160401.0,Ninjas vs. Collection,642
330524.0,Six Swedes Collection,655
473730.0,Ringo Collection,10341
153636.0,Flower and Snake Collection,639
188138.0,Il Maresciallo Giraldi Collection,266022
391860.0,Kingsman Collection,168450
296358.0,Anche gli angeli - Collezione,30180
201260.0,Trilogy Marseillaise,31388
441061.0,L'allenatore nel pallone - Collezione,41801
69788.0,Sharpe Collection,66034
279715.0,Beck Collection,348138
24717.0,Johan Falk GSI Collection,96288
326795.0,Freche Mädchen Filmreihe,61536
444665.0,I due carabinieri Collecion,18762
205029.0,The Reef Collection,331367
428046.0,Viy Collection,8077
464784.0,The Water of the Hills,814
180019.0,V: The Collection,41671
285879.0,Seed Collection,27214
389867.0,Shark.Attack,52263
415799.0,East Side Kids,33519
385650.0,The Spiritual Boxer Collection,16235
456580.0,No Good Middle-Aged Yakuza Trilogy,11449
98180.0,Jungle Jim Collection,41848
9309.0,Winnetou Collection,25944
413663.0,Charlie Chan (Roland Winters) Collection,24913
155093.0,Tom Thorne Collection,49126
175763.0,TekWar Collection,32076
394258.0,The Amazing Colossal Man Duology,571
384040.0,The Six Million Dollar Man Collection,8851
199629.0,Hercules TV Movies,37843
172000.0,Vi hade i alla fall tur med vädret Collection,32146
469648.0,Santas Paw,30346
354066.0,The Nancy Drew Collection (Bonita Granville),6114
326849.0,Mostly Ghostly Collection,229
468551.0,Justice League Collection,13549
422834.0,Ant-Man Collection,9529
448150.0,Deadpool Collection,1598
251117.0,Kenny Rogers Legend Of The Gambler,11349
458813.0,Salt and Pepper Collection,7340
421605.0,Heidi (Praesens-Film) Filmreihe,6217
2643.0,Aces Go Places Collection,377
397848.0,Magic Kid Collection,653
435805.0,The Man from U.N.C.L.E. Collection,28198
379897.0,Hayride Collection,794
435108.0,Whistling Collection,31640
374930.0,Snow Queen Collection,8744
395433.0,Lone Wolf film series,25189
282117.0,Skeleton Key Collection,145
122938.0,Ring of Fire Collection,2212
360344.0,Tarzan (Gordon Scott series),199
336557.0,The Ouija Experiment Collection,7863
223926.0,"Impy, the small dinosaur Collection",12498
188133.0,Les Charlots - Saga,9279
114993.0,Unstable Fables Collection,53234
376527.0,Richard the Lionheart Collection,17204
270156.0,The Sweeney Collection,21539
324458.0,The Mark Collection,85589
218104.0,Snake Eater Collection,12709
360112.0,He Who Dares Collection,20539
452146.0,Old Way Collection,11674
277798.0,Isi/Disi Collection,199512
344830.0,Fifty Shades Collection,64900
87252.0,Halloweentown Collection,1573
173738.0,Fanthagirò Collection,152
122778.0,Wodehouse P.G. Collection,174
168949.0,The Encounter Collection,172
297501.0,Dixie Zombi - Colección,154
333154.0,Sunes samtliga Resor,157
343733.0,Lotta,168
369004.0,Borsalino Collection,364
479549.0,Joséphine - Saga,11967
103001.0,Fantomas Collection,9086
279244.0,Family Guy Presents Collection,621
393290.0,Sartana Collection,9037
181502.0,Screwballs Collection,10173
260520.0,Kathleen Madigan Collection,55687
314023.0,Hercules (Lou Ferrigno) Collection,168535
445118.0,Mark Collection,8845
147207.0,Glass Tiger collection,46681
104769.0,Lilla Jönsonligan Collection,578
47629.0,Mr. Boogedy Collection,579
441179.0,Chaar Sahibzaade Collection,17692
353792.0,Garage Sale Mystery Collection,17795
139394.0,Tomie Collection,75
479319.0,George Carlin Comedy Collection,13891
352020.0,ДухLess (Коллекция),9390
196753.0,Ghost in the Shell: Arise,378
122661.0,Mardock Scramble Collection,10896
148065.0,Doraemon Collection,2322
133887.0,Apocalypse Collection,41240
141252.0,Cardcaptor Sakura Collection,26949
304025.0,Gwendolyn Shepherd Collection,9819
115840.0,Would I Lie to You? Collection,49799
118415.0,Berserk: Golden Age Arc,31908
301508.0,Sadako 3D Collection,46027
23240.0,The Garden of Sinners,3179
427944.0,The Happy Hooker Collection,1802
167552.0,Lemon Popsicle Collection,4232
396839.0,Robotech (Samling),9361
412300.0,Fontaine Khaled Collection,2928
382113.0,Spiders - Collection,30285
470274.0,Killer Crocodile Collection,10549
68589.0,The Wixxer Trilogy,58102
333000.0,Santa's Apprentice,18451
259411.0,Sex Up Filmreihe,27265
9088.0,The Little Polar Bear Collection,49935
165679.0,Girl's on Top Collection,8818
94050.0,Lucky Luke (Animation) Collection,36758
1617.0,Erkan & Stefan Filmreihe,36040
165855.0,Kleines Arschloch Collection,74239
215606.0,Seven Dwarfs Collection,9415
133297.0,Ants in the Pants Collection,55146
407273.0,Dead Rising Collection,303693
122776.0,Kvartet I Collection,12145
287684.0,Schule Collection,42424
86346.0,Sabrina the Teenage Witch Collection,34314
478328.0,The Houses October Built Collection,2892
351231.0,Hardbodies Collection,9404
265865.0,Space Dogs,85242
442338.0,"Rico, Oskar 1, 2 & 3",9622
473847.0,The War of Flower Collection,8860
272416.0,Lauras Stern,197537
315609.0,Mörderischer Norden,66597
44722.0,Munna Bhai Collection,14832
147765.0,The Dog Who Saved Christmas Collection,9619
356688.0,Batman Unlimited Collection,40506
227140.0,Black Emanuelle Collection,31000
123289.0,Unoffical Ghosthouse Series,4104
411859.0,Barbie Fairytopia Collection,26306
422361.0,Barbie A Mermaid Tale Collection,203829
447622.0,Barbie Mariposa Collection,43775
142022.0,Hera Pheri Collection,14908
318037.0,Martial Law Collection,784
460334.0,Bulldog Drummond (Richard Johnson) Collection,12489
20970.0,Sarkar Collection,168283
256953.0,The Comics Collection,16448
188197.0,Cetto La Qualunque - Collezione,55936
146042.0,Oskar Luts Collection,17894
151149.0,My Sisters Kids Collection,28059
341455.0,Tanu Weds Manu Collection,58911
460357.0,Ada Apa Dengan Cinta? Collection,17949
456778.0,Max (Collection),1968
435259.0,Fantastic Beasts Collection,61563
394316.0,Johnny Tsunami Collection,66
321148.0,Zenon Collection,20735
427084.0,The Secret Life of Pets Collection,11419
443996.0,Ghost in the Shell: Stand Alone Complex,333165
363092.0,Mythica Collection,25796
333398.0,Cabin By The Lake Collection,638
298778.0,1920 Collection,25624
205672.0,Encounters of the Spooky Kind Collection,9366
468039.0,The Sally Lochhart Mysteries Collection,60083
21624.0,Golmaal Collection,21915
256477.0,Saheb Biwi Aur Gangster Collection,90928
213697.0,Sex is Zero Collection,50091
264317.0,Bhoothnath Collection,18420
446015.0,Golgo 13 Collection,19952
445049.0,Il medico della mutua Collection,9446
438282.0,Cross Collection,28005
436483.0,Bad Kids Collection,9403
444377.0,Il tassinaro,27322
123203.0,Hellboy (Animated) Collection,10003
148614.0,Kim Possible Collection,9311
179042.0,Anja & Viktor Collection,11844
93788.0,Prep & Landing Collection,884
141748.0,Robot Chicken: Star Wars Collection,49806
425881.0,Thunder in Paradise Collection,1624
138968.0,The Gingerdead Man Collection,88423
189157.0,Love in a... Collection,16052
23616.0,Naruto Collection,4477
106784.0,Love in the City Collection,24662
449530.0,Mystery Woman,18423
343477.0,Kusswechsel Filmreihe,76996
298187.0,Lezioni di Cioccolato Collection,6499
362554.0,Ex Collection,50512
294918.0,Paranormal Investigations Collection,9405
473502.0,NASU Collection,12723
256746.0,Vampire Boys Collection,9360
220441.0,Art of the Devil Collection,9434
289763.0,Long Arm of the Law Collection,118991
350309.0,Bahubali Collection,21626
401270.0,Lee Rock Collection,13982
439596.0,Lavalantula Collection,93946
363066.0,Erotic Ghost Story Collection,77223
212123.0,Tiny Times Collection,31465
41658.0,Fantozzi Collection,12793
41083.0,Scuola di ladri - Collezione,102878
376567.0,I pompieri - Collezione,105763
464374.0,Ur kärlekens språk,9611
466463.0,Descendants Collection,47694
224026.0,Monster High Collection,10357
143302.0,Mobile Suit Gundam Collection,9977
192974.0,White Crane Chronicles,816
258506.0,Short Peace,2163
319644.0,Black Scorpion Collection,124680
322650.0,Detonator Collection,16399
107546.0,Puff Collection,124843
464125.0,Dragon Nest Collection,31017
361007.0,Calcutta Trilogy,24645
212166.0,Puella Magi Madoka Magica: The Movie,49478
463394.0,Always: Sunset on Third Street Collection,12499
370411.0,Attack on Titan Collection,18
263101.0,Sailor Moon Collection,68545
93446.0,The Adventures of Erast Fandorin,1811
393328.0,Library Wars Collection,109614
427397.0,The Angrez Collection,60082
285249.0,Hard Time Collection,53023
389978.0,"Hard Revenge, Milly Collection",64802
426761.0,Hentai Kamen Collection,11239
114488.0,Moskva-Kassiopeya Collection,50850
134635.0,Santa Baby Collection,15321
448758.0,Burnout Collection,2058
390774.0,The Krays Collection,9450
267308.0,Hot Wheels: AcceleRacers - Collection,125021
374663.0,Mrs. Miracle Collection,330
32153.0,Fallen Collection,38523
295274.0,The Crossing Collection,16375
134633.0,Snow Collection,33660
263106.0,Twitches Collection,59232
437608.0,Papa ou Maman Collection,45671
479692.0,Robert,17770
59009.0,08/15 Collection,15170
47630.0,The Falcon Series,1701
330075.0,Little Witch Academia Collection,201445
147669.0,Das Sams Collection,26422
468552.0,Wonder Woman Collection,124642
320064.0,El pico - Colección,1639
338313.0,Argo Collection,49235
164072.0,Baby Burlesks,106129
386491.0,The Adventures of Mickey Matson Collection,291634
437584.0,The Falls Collection,107743
437439.0,Phobia Collection,415
281882.0,Public Enemy Series,47686
385719.0,The Underdog Knight Collection,65889
305360.0,Lucky Luke (Terence Hill) Collection,11103
324703.0,Overheard Collection,11970
404302.0,Cold War Collection,34941
185627.0,Umizaru Collection,407992
334414.0,Ostwind Filmreihe,8874
385709.0,Tales From The Dark Collection,17991
201545.0,Chinese Boxer Collection,11956
442195.0,All Hallow's Eve Collection,266
456734.0,The Prostitute Trilogy,754
471435.0,Wolf Warriors Collection,37567
334486.0,Detective K Collection,43771
416491.0,Major Korenev Trilogy,124834
120447.0,Naval Cadets Collection,249358
120417.0,The Elusive Revengers Collection,111367
441461.0,Regalo di Natale - Collezione,607
215293.0,The Under-Gifted Collection,18080
415699.0,Devasuram Collection,38225
198921.0,Алиса в стране чудес (Коллекция),17834
195071.0,Adventures of Mowgli,686
115164.0,Hornblower Collection,65046
128123.0,Dark Rising Collection,4421
380170.0,Flying Guillotine Collection,9387
155408.0,Young And Dangerous Collection,10603
131989.0,Recep İvedik Serisi,2142
295852.0,Extralarge Collection,8413
129453.0,Eating Out Series,10336
416942.0,Madeline,20737
312882.0,Pierino - Serie ufficiale,9413
400412.0,Northpole,14585
413935.0,Wizards of Waverly Place Collection,18519
315944.0,Wallander (Rolf Lassgård),49462
192175.0,Fight Back to School Collection,8834
385386.0,Parasyte Collection,9458
473971.0,Daddy's Home Collection,8854
364344.0,"Murder, She Baked Collection",38295
451539.0,The Bridge,22073
154752.0,Legend of the Galactic Heroes Collection,37244
397598.0,Arabian Nights,4961
98448.0,Thou Shalt Laugh Collection,9416
140059.0,We Were Here,26180
385863.0,F.C. De Kampioenen Collectie,17832
245321.0,K3 Collectie,9772
183680.0,OSS 117 The Original Saga,6072
425280.0,Slime City Collection,1669
425880.0,The Cheetah Girls Collection,468
382402.0,Assassination Classroom Collection,32519
297142.0,White Collar Hooligan Collection,108401
216435.0,All for ...,10806
311102.0,Klassefesten (Samling),9433
203029.0,Witchcraft Collection,6623
337957.0,ABCD Collection,2118
444485.0,Death Note Relight,978
219363.0,Prostokvashino Collection,9437
107467.0,Самый лучший фильм - Коллекция,29461
20725.0,Raaz Collection,56651
377491.0,Les Profs,10351
402380.0,Pitbull - Kolekcja,66588
153629.0,Flower & Snake Collection,2649
362722.0,Fimfárum (kolekce),14289
401655.0,Welcome Collection,10155
467457.0,Race Gurram collection,75250
228335.0,Rakht Charitra,20457
257071.0,All Stars Collectie,18355
100415.0,Thumbs! Collection,33657
427113.0,Little Bear,55306
256548.0,Father of Four Collection,68924
401261.0,Hate Story Collection,36434
133676.0,Knerten Collection,2255
380160.0,Die Kirche bleibt im Dorf Collection,28353
245198.0,Feluda Collection,9427
429409.0,Force Collection,172545
466894.0,Teen Titans Collection,17589
469613.0,Los Leguineche - Colección,3597
385250.0,Black Magic Collection,1813
265709.0,00 Schneider Filmreihe,36797
232403.0,Otto Collection,12628
97462.0,Macross Frontier Collection,33344
117354.0,Shin Chan Collection,25099
474013.0,Kolpaçino Serisi,45019
463398.0,Black & White Collection,63437
360346.0,Tarzan (Mike Henry series),62422
122489.0,Billa Collection,782
188577.0,Tognazzi & Vianello Collection,29911
199141.0,Tenchi Muyô Collection,9827
182371.0,Armitage III Collection,1959
145553.0,Slayers - Movie Collection,251481
207415.0,Fatal Fury Collection,8067
201689.0,Karas The Collection,125052
134063.0,Animation Runner Kuromi (OAV collection),45153
452942.0,Megazone 23 Collection,10871
166018.0,M.D. Geist Collection,14398
139450.0,Memories Collection,10890
473840.0,Little Forest Collection,99002
343944.0,Singam Collection,1281
284346.0,Nana Collection,32332
214702.0,Mi Nismo Anđeli Collection,9770
277630.0,CyberTracker Collection,12616
480160.0,All of My Heart Collection,34838
401119.0,Flower Shop Mystery Collection,14905
345865.0,Emmanuelle 2000 Collections (USA),14583
180142.0,Kenji Misumi's Trilogy of the Sword,11975
324909.0,LasseMaja: Samling,4995
87251.0,The Good Witch Collection,9281
257378.0,Fast Getaway Collection,45928
446792.0,The Bremen Town Musicians (Collection),563
96660.0,Circuitry Man Collection,61337
112369.0,Kung Fu Mahjong Collection,19931
206786.0,Goopy Bagha Trilogy,31535
442237.0,Mikogami Trilogy / Wanderer Jôkichi,10215
293196.0,Big Man Collection,9823
342577.0,Till Luck Do Us Part Collection,37165
374436.0,Waldemar Daninsky Collection,45609
351667.0,Un éléphant ça trompe énormément,38904
459434.0,Sherlock Holmes: The Golden Years Collection,45565
39199.0,Detective Conan Collection,9407
245326.0,The Fjällbacka Murders,4824
478244.0,Spirits' Homecoming Collection,9444
106368.0,Quando le donne avevano la coda,9414
444275.0,Eccezzziunale... veramente Collections,8078
376128.0,Beck - Historien om ett brott,29938
374202.0,Kizumonogatari,11831
102940.0,Break Blade Collection,2895
198987.0,Winnie-the-Pooh (Russian),39177
238448.0,Les Ripoux - Trilogie,19601
415695.0,Nadodikkattu Collection,124606
201932.0,The Nigger Charley Collection,42832
243738.0,The Work and the Glory Collection,22797
477208.0,DC Super Hero Girls Collection,2639
160952.0,Caméra Café,9574
163798.0,Gumball 3000 Collection,10371
256374.0,Zero Woman Collection,489
424842.0,Maigret (Rowan Atkinson) Collection,167738
418326.0,"Signed, Sealed, Delivered",293820
414000.0,Omae Umasou Da na,9714
472917.0,In the Vineyard Collection,102406
347544.0,식객 시리즈,170430
364342.0,Gourmet Detective Collection,8197
413731.0,Nitro Collection,6283
425435.0,Flatland Collection,279698
427627.0,Outlaw Gangster VIP: The Complete Collection,49728
258372.0,Ivan Tsarevich & the Grey Wolf Collection,64562
122123.0,Three Heroes Collection,4233
158814.0,Karlson Collection,191874
429826.0,The Hobgoblin Collection,10217
474015.0,Mandıra Filozofu Serisi,438108
466388.0,Düğün Dernek Collection,597
479971.0,Sağ Salim Serisi,714
429232.0,Vai Que Dá Certo,52537
273099.0,Olsen Banden (Samling),12799
180498.0,Krummerne (Samling),62394
123751.0,Blood Island (Hammer series),9922
367092.0,Tada's Do-It-All Collection,547
98077.0,Der Bockerer Collection,25994
119240.0,The Joys of Torture Series,184
114374.0,Fist of the North Star: The Legends of the True Savior,9746
403161.0,Miles Jupp Standup Collection,9438
132203.0,Alan Davies Collection,115
129626.0,The Pub Landlord Collection,26941
129407.0,John Pinette Collection,27103
473845.0,Midnight Diner Collection,9410
429231.0,Tainá,32302
474022.0,Şevkat Yerimdar Serisi,216794
433140.0,Zipi y Zape - Colección,88863
397382.0,Epoch Collection,154821
363918.0,Aurélie Laflamme Collection,41417
197065.0,DMB Collection,12538
106011.0,Shadow Boxing Collection,586
259308.0,I soliti idioti Collection,2666
288882.0,Bloodfight,46338
473977.0,Çalgı Çengi Collection,54007
131992.0,Eyyvah Eyvah Collection,11258
206857.0,Romantik Komedi [Seri],9490
431791.0,Classmates Collection,9411
440769.0,Minions: 3 Mini-Movie Collection,25719
162782.0,Mommies Collection,9033
298162.0,"All inclusive, или все включено (Коллекция)",11220
415054.0,Облако-рай (Коллекция),21253
297252.0,Not Quite Human Collection,6116
112406.0,The Aum Shinrikyo Collection,9457
315054.0,Dark World Collection,281289
106790.0,Hooked Collection,43911
107478.0,Lovey-Dovey Collection,39424
170416.0,God of Gamblers Collection,44361
478947.0,Psy Collection,11702
137804.0,Никто не знает про секс - Коллекция,2923
122780.0,Параграф 78 - Дилогия,12238
403603.0,La Tour Infernale,11568
349336.0,Macskafogó gyűjtemény,41577
114916.0,Сказки Чуковского,66894
304809.0,Schoolgirl Report Collection,11003
329220.0,Adventures of a ...,10153
285428.0,The Cutlass Collection,49645
267551.0,Aniskin Collection,47112
142686.0,Зимняя Вишня (трилогия),102732
284700.0,Ivan Brovkin Collection,30949
315091.0,Что Творят мужчины! (Коллекция),2898
474012.0,Kocan Kadar Konuş Serisi,9558
463112.0,Hailey Dean Mystery Collection,83593
104774.0,Tomtar och Trolltyg Collection,320011
400500.0,Чебурашка и крокодил Гена,26269
148603.0,Ducobu Collection,11808
152918.0,Mister Blot Collection,6970
200641.0,Red Lotus Collection,47452
